Reference,number
Wong et al. [19],[24]
Prete et al. [2b],[34]
Xu et al. [37],[35]
Zhang et al. [8],[50]
Ali et al. [33],[43]
Du et al. [31],[33]
Ren et al. [7],[32]
Kwok et al. [15b],[46b]
Kwok et al. [15a],[46a]
Yang et al. [6],[36]
Wang et al.[11],[47]
Bi et al. [10],[44]
Ganyani et al. [23a],[28a]
Tindale et al. [25a],[27a]
Wang & Teunis [13],[51]
Wang et al. [5],[53]
Li et al. [4],[52]
Wu et al. [14],[63]
Najafi et al. [21],[54]
Aghaali et al.[20],[64]
Lavezzo et al. [1],[18]
Son et al. [18],[48]
Bae et al. [17],[22]
Chun et al. [39],[38]
Tindale et al. [25b],[27b]
Ganyani et al. [23c],[28b]
Pham et al. [36],[49]