Index case number,Patient number ,Serial interval value,comment
Index case 1,2,2,
Index case 1,3,3,
Index case 1,4,3,
Index case 1,5,4,
Index case 1,6,5,
Index case 1,7,7,
Index case 1,8,4,
Index case 1,9,8,
Index case 1,10,13,
Index case 1,11,12,
Index case 1,12,5,
Index case 1,57,10,
Index case 1,14,5,
Index case 1,15,6,
Index case 1,16,2,
Case 12,17,1,Note that case 13 had no symptoms
Case 12,18,2,
Case 12,19,4,
Case 12,20,5,
Case 12,21,7,
Case 12,22,7,
Case 12,23,7,
Case 6,24,2,
Case 6,25,2,
Case 6,26,2,
Case 6,27,2,
Case 6,28,3,
Case 6,29,5,
Case 6,30,8,Note that case 31 had no symptoms
Case 6,32,9,
Case 6,33,10,
Case 6,34,11,
Case 6,46,3,
Case 6,47,1,
Case 6,48,2,
Case 6,49,2,
Case 6,50,2,
Case 6,51,-1,
Case 6,52,8,
Case 6,53,8,
Case 6,54,4,