study1,ref
Aghaali et al.[20] Serial interval,[20]
Ali et al. [33] Serial interval,[33]
Bae et al. [17] Serial interval,[17]
Bi et al. [10] Serial interval,[10]
Du et al. [31] Serial interval,[31]
Ferretti et al. [22] Generation Time,[22]
Ganyani et al. [23a] Generation time,[23a]
Ganyani et al. [23b] Serial Interval,[23b]
Ganyani et al. [23c] Generation Time,[23c]
Ganyani et al. [23d] Serial Interval,[23d]
He et al. [35] Serial Interval,[35]
Kwok et al. [15a] Serial interval,[15a]
Kwok et al. [15b] Serial interval,[15b]
Lavezzo et al. [1] Serial interval,[1]
Li et al. [4] Serial interval,[4]
Najafi et al. [21] Serial interval,[21]
Nishiura et al. [24a] Serial interval,[24a]
Nishiura et al. [24b] Serial interval,[24b]
Pham et al. [36] Serial interval,[36]
Prete et al. [2b] Serial interval,[2b]
Ren et al. [7] Serial interval,[7]
Son et al. [18] Serial interval,[18]
Tindale et al. [25a] Serial interval,[25a]
Tindale et al. [25b] Serial interval,[25b]
Wang & Teunis [13] Serial interval,[13]
Wang et al. [5] Serial interval,[5]
Wang et al.[11] Serial interval,[11]
Wong et al. [19] Serial interval,[19]
Wu et al. [14] Serial interval,[14]
Wu et al. [30] Serial interval,[30]
Xu et al. [37] Serial interval,[37]
Yang et al. [6] Serial interval,[6]
Zhang et al. [8] Serial interval,[8]